timestamp,global_step,loss,grad_norm_pre_clip,step_seconds,total_seconds
2026-03-21T17:29:43.803811+00:00,1,0.2907843,0.0288942,30.422573,30.422573
2026-03-21T17:29:49.190575+00:00,2,0.31142569,0.0218437,5.386764,35.809338
2026-03-21T17:29:54.574070+00:00,3,0.30822745,0.0333105,5.383497,41.192835
2026-03-21T17:29:59.965311+00:00,4,0.24886574,0.056134,5.391241,46.584075
2026-03-21T17:30:05.329260+00:00,5,0.38122493,0.0681706,5.363950,51.948025
2026-03-21T17:30:10.694814+00:00,6,0.29202625,0.0454722,5.365554,57.313578
2026-03-21T17:30:16.067931+00:00,7,0.39035529,0.0419474,5.373117,62.686695
2026-03-21T17:30:21.446315+00:00,8,0.35182339,0.035388,5.378384,68.065079
2026-03-21T17:30:26.819769+00:00,9,0.33539781,0.0470262,5.373454,73.438533
2026-03-21T17:30:29.567538+00:00,10,0.33030975,0.0283218,2.747769,76.186303
2026-03-21T17:30:35.411689+00:00,11,0.31670654,0.0350534,5.844150,82.030453
2026-03-21T17:30:40.790449+00:00,12,0.28202057,0.0384345,5.378760,87.409214
2026-03-21T17:30:46.158497+00:00,13,0.26734489,0.0523072,5.368047,92.777261
2026-03-21T17:30:51.559599+00:00,14,0.36588421,0.0504402,5.401103,98.178363
2026-03-21T17:30:56.927659+00:00,15,0.29249409,0.0455473,5.368060,103.546423
2026-03-21T17:31:02.292115+00:00,16,0.39817739,0.0501636,5.364457,108.910880
2026-03-21T17:31:07.651256+00:00,17,0.35068074,0.0516866,5.359140,114.270020
2026-03-21T17:31:13.018253+00:00,18,0.33927858,0.0429388,5.366998,119.637018
2026-03-21T17:31:18.380119+00:00,19,0.3338781,0.0799197,5.361866,124.998883
2026-03-21T17:31:21.106603+00:00,20,0.30814379,0.0237422,2.726485,127.725368
2026-03-21T17:31:26.892112+00:00,21,0.3150512,0.0585681,5.785508,133.510876
2026-03-21T17:31:32.275464+00:00,22,0.27664685,0.0354254,5.383352,138.894228
2026-03-21T17:31:37.652869+00:00,23,0.27884418,0.0230472,5.377405,144.271634
2026-03-21T17:31:43.026046+00:00,24,0.26590466,0.0460528,5.373177,149.644810
2026-03-21T17:31:48.416583+00:00,25,0.32477856,0.0465769,5.390537,155.035347
2026-03-21T17:31:53.779632+00:00,26,0.29170135,0.0383997,5.363049,160.398396
2026-03-21T17:31:59.161550+00:00,27,0.29098353,0.019541,5.381908,165.780305
2026-03-21T17:32:04.527843+00:00,28,0.30100143,0.0599018,5.366303,171.146608
2026-03-21T17:32:09.895712+00:00,29,0.42063221,0.0183761,5.367868,176.514475
2026-03-21T17:32:12.637871+00:00,30,0.35692841,0.0199937,2.742160,179.256636
2026-03-21T17:32:18.465367+00:00,31,0.27164045,0.0232894,5.827494,185.084129
2026-03-21T17:32:23.844857+00:00,32,0.27192044,0.0308817,5.379493,190.463622
2026-03-21T17:32:29.226514+00:00,33,0.35354179,0.106967,5.381657,195.845279
2026-03-21T17:32:34.627178+00:00,34,0.29882604,0.034503,5.400664,201.245943
2026-03-21T17:32:40.008118+00:00,35,0.28613847,0.0276656,5.380940,206.626883
2026-03-21T17:32:45.387204+00:00,36,0.27817777,0.0785144,5.379086,212.005969
2026-03-21T17:32:50.768164+00:00,37,0.33097121,0.0291652,5.380959,217.386928
2026-03-21T17:32:56.161629+00:00,38,0.33845162,0.0408825,5.393466,222.780394
2026-03-21T17:33:01.543023+00:00,39,0.33564276,0.0420887,5.381394,228.161788
2026-03-21T17:33:04.274711+00:00,40,0.24732526,0.0207594,2.731688,230.893475
2026-03-21T17:33:10.147874+00:00,41,0.3109954,0.0330225,5.873163,236.766638
2026-03-21T17:33:15.528143+00:00,42,0.31489044,0.0362707,5.380269,242.146907
2026-03-21T17:33:20.937990+00:00,43,0.26828888,0.0503186,5.409847,247.556754
2026-03-21T17:33:26.323407+00:00,44,0.3686378,0.0337237,5.385417,252.942171
2026-03-21T17:33:31.711511+00:00,45,0.39700121,0.0525554,5.388104,258.330275
2026-03-21T17:33:37.092628+00:00,46,0.30924979,0.0589541,5.381117,263.711392
2026-03-21T17:33:42.469234+00:00,47,0.37523842,0.0273893,5.376606,269.087998
2026-03-21T17:33:47.846836+00:00,48,0.27855307,0.021219,5.377603,274.465601
2026-03-21T17:33:53.221835+00:00,49,0.32305667,0.053521,5.374999,279.840599
2026-03-21T17:33:55.956547+00:00,50,0.32718575,0.00791687,2.734706,282.575305
2026-03-21T18:23:20.139936+00:00,1,0.2907843,0.0288948,30.544527,30.544527
2026-03-21T18:23:25.518714+00:00,2,0.31142607,0.0218805,5.378784,35.923311
2026-03-21T18:23:30.969725+00:00,3,0.30822557,0.0334189,5.451013,41.374324
2026-03-21T18:23:36.363208+00:00,4,0.24888156,0.0560914,5.393482,46.767806
2026-03-21T18:23:41.741882+00:00,5,0.38124126,0.068476,5.378674,52.146480
2026-03-21T18:23:47.115381+00:00,6,0.29203621,0.0455305,5.373500,57.519980
2026-03-21T18:23:52.492379+00:00,7,0.39035082,0.0418967,5.376998,62.896978
2026-03-21T18:23:57.858038+00:00,8,0.35181272,0.0354224,5.365660,68.262638
2026-03-21T18:24:03.223934+00:00,9,0.33539224,0.0470359,5.365895,73.628533
2026-03-21T18:24:05.953639+00:00,10,0.33030647,0.0283588,2.729706,76.358238
2026-03-21T18:24:11.815338+00:00,11,0.31670898,0.0350621,5.861696,82.219934
2026-03-21T18:24:17.219111+00:00,12,0.28201425,0.0347765,5.403776,87.623710
2026-03-21T18:24:22.623820+00:00,13,0.26733375,0.0528953,5.404708,93.028418
2026-03-21T18:24:28.028035+00:00,14,0.36585882,0.049863,5.404215,98.432633
2026-03-21T18:24:33.412003+00:00,15,0.29248434,0.0455004,5.383969,103.816602
2026-03-21T18:24:38.790339+00:00,16,0.39816651,0.0503089,5.378337,109.194939
2026-03-21T18:24:44.199366+00:00,17,0.35067543,0.051143,5.409026,114.603965
2026-03-21T18:24:49.588344+00:00,18,0.33929077,0.0419078,5.388978,119.992943
2026-03-21T18:24:54.975037+00:00,19,0.33388355,0.0797291,5.386694,125.379636
2026-03-21T18:24:57.722199+00:00,20,0.30816787,0.0237427,2.747162,128.126798
2026-03-21T18:25:03.606514+00:00,21,0.31506288,0.0579122,5.884314,134.011112
2026-03-21T18:25:09.008348+00:00,22,0.27664322,0.035281,5.401835,139.412947
2026-03-21T18:25:14.412673+00:00,23,0.27885172,0.0228621,5.404325,144.817272
2026-03-21T18:25:19.800094+00:00,24,0.26591098,0.0458418,5.387421,150.204693
2026-03-21T18:25:25.180709+00:00,25,0.32477793,0.046295,5.380615,155.585307
2026-03-21T18:25:30.600239+00:00,26,0.29170027,0.038802,5.419531,161.004838
2026-03-21T18:25:36.003403+00:00,27,0.2909939,0.0197296,5.403164,166.408002
2026-03-21T18:25:41.409326+00:00,28,0.3010453,0.058923,5.405923,171.813925
2026-03-21T18:25:46.813673+00:00,29,0.42063653,0.0183926,5.404346,177.218271
2026-03-21T18:25:49.574821+00:00,30,0.35692874,0.0201078,2.761148,179.979420
2026-03-21T18:25:55.461929+00:00,31,0.27165204,0.0230504,5.887107,185.866526
2026-03-21T18:26:00.863646+00:00,32,0.27195477,0.0309828,5.401719,191.268245
2026-03-21T18:26:06.252573+00:00,33,0.3535111,0.107025,5.388927,196.657172
2026-03-21T18:26:11.662711+00:00,34,0.29883128,0.0342445,5.410138,202.067310
2026-03-21T18:26:17.077425+00:00,35,0.28614345,0.0276715,5.414714,207.482024
2026-03-21T18:26:22.495046+00:00,36,0.27822867,0.0780015,5.417621,212.899645
2026-03-21T18:26:27.880978+00:00,37,0.33097735,0.0297682,5.385932,218.285577
2026-03-21T18:26:33.259044+00:00,38,0.33843511,0.0406979,5.378065,223.663643
2026-03-21T18:26:38.636952+00:00,39,0.33570236,0.0414402,5.377908,229.041551
2026-03-21T18:26:41.378156+00:00,40,0.24735114,0.020614,2.741204,231.782755
2026-03-21T18:26:47.228305+00:00,41,0.31100884,0.0294871,5.850147,237.632902
2026-03-21T18:26:52.621082+00:00,42,0.31488425,0.0362182,5.392778,243.025680
2026-03-21T18:26:57.995241+00:00,43,0.26825291,0.0527203,5.374160,248.399840
2026-03-21T18:27:03.415279+00:00,44,0.36865374,0.0335591,5.420038,253.819878
2026-03-21T18:27:08.828751+00:00,45,0.39695749,0.0520235,5.413471,259.233350
2026-03-21T18:27:14.216170+00:00,46,0.3092857,0.0579359,5.387419,264.620769
2026-03-21T18:27:19.591402+00:00,47,0.37528056,0.028086,5.375233,269.996001
2026-03-21T18:27:24.973033+00:00,48,0.27856818,0.0214503,5.381630,275.377631
2026-03-21T18:27:30.385374+00:00,49,0.32306689,0.0532265,5.412341,280.789973
2026-03-21T18:27:33.135281+00:00,50,0.32718006,0.00803244,2.749907,283.539880
2026-03-21T18:36:52.627009+00:00,51,0.3074936,0.0391281,559.491725,843.031605
2026-03-21T18:36:58.007671+00:00,52,0.30701458,0.030823,5.380664,848.412269
2026-03-21T18:37:03.417586+00:00,53,0.34810969,0.0351685,5.409916,853.822185
2026-03-21T18:37:08.872750+00:00,54,0.24208932,0.0254969,5.455163,859.277349
2026-03-21T18:37:14.324051+00:00,55,0.27757958,0.047193,5.451301,864.728650
2026-03-21T18:37:19.698318+00:00,56,0.33730876,0.0397219,5.374268,870.102917
2026-03-21T18:37:25.134626+00:00,57,0.34501773,0.0258788,5.436307,875.539225
2026-03-21T18:37:30.516410+00:00,58,0.24711014,0.012931,5.381784,880.921009
2026-03-21T18:37:35.931140+00:00,59,0.36881945,0.117966,5.414730,886.335738
2026-03-21T18:37:38.656217+00:00,60,0.36534381,0.00682468,2.725078,889.060816
2026-03-21T18:37:44.477440+00:00,61,0.27216405,0.0196768,5.821219,894.882035
2026-03-21T18:37:49.877535+00:00,62,0.31363565,0.0199245,5.400099,900.282134
2026-03-21T18:37:55.264681+00:00,63,0.30674654,0.0576647,5.387145,905.669279
2026-03-21T18:38:00.741856+00:00,64,0.29316825,0.0207258,5.477175,911.146454
2026-03-21T18:38:06.131705+00:00,65,0.30403233,0.0316524,5.389849,916.536304
2026-03-21T18:38:11.550069+00:00,66,0.3165209,0.0546198,5.418364,921.954668
2026-03-21T18:38:16.934222+00:00,67,0.32426798,0.0242887,5.384153,927.338821
2026-03-21T18:38:22.325349+00:00,68,0.33037198,0.018004,5.391127,932.729948
2026-03-21T18:38:27.724183+00:00,69,0.3898969,0.0176022,5.398833,938.128781
2026-03-21T18:38:30.464065+00:00,70,0.34943259,0.0135223,2.739883,940.868664
2026-03-21T18:38:36.279790+00:00,71,0.29560316,0.0285605,5.815722,946.684386
2026-03-21T18:38:41.660564+00:00,72,0.34214741,0.0332266,5.380777,952.065163
2026-03-21T18:38:47.069462+00:00,73,0.35463291,0.0381821,5.408898,957.474061
2026-03-21T18:38:52.457641+00:00,74,0.34822357,0.0303418,5.388179,962.862240
2026-03-21T18:38:57.869666+00:00,75,0.32468089,0.0441989,5.412025,968.274265
2026-03-21T18:39:03.274781+00:00,76,0.35902983,0.0338549,5.405114,973.679379
2026-03-21T18:39:08.656348+00:00,77,0.39561823,0.0235193,5.381568,979.060947
2026-03-21T18:39:14.033505+00:00,78,0.32899299,0.0176369,5.377156,984.438103
2026-03-21T18:39:19.419152+00:00,79,0.30757916,0.0244037,5.385648,989.823751
2026-03-21T18:39:22.173604+00:00,80,0.21982935,0.0323021,2.754451,992.578202
2026-03-21T18:39:27.967508+00:00,81,0.33829203,0.0255213,5.793900,998.372102
2026-03-21T18:39:33.360582+00:00,82,0.38467252,0.0342156,5.393078,1003.765180
2026-03-21T18:39:38.771003+00:00,83,0.34146285,0.0217801,5.410421,1009.175602
2026-03-21T18:39:44.182866+00:00,84,0.37229726,0.045529,5.411863,1014.587465
2026-03-21T18:39:49.571486+00:00,85,0.27104425,0.037159,5.388620,1019.976085
2026-03-21T18:39:54.967648+00:00,86,0.34308141,0.0373049,5.396162,1025.372247
2026-03-21T18:40:00.360498+00:00,87,0.36981496,0.0203176,5.392850,1030.765097
2026-03-21T18:40:05.813214+00:00,88,0.29642028,0.0363939,5.452716,1036.217813
2026-03-21T18:40:11.216302+00:00,89,0.34672299,0.0727527,5.403088,1041.620901
2026-03-21T18:40:13.955834+00:00,90,0.32284129,0.02977,2.739532,1044.360433
2026-03-21T18:40:19.797765+00:00,91,0.30916831,0.0320398,5.841927,1050.202360
2026-03-21T18:40:25.229677+00:00,92,0.33383507,0.028259,5.431916,1055.634276
2026-03-21T18:40:30.754714+00:00,93,0.32816887,0.0307843,5.525036,1061.159312
2026-03-21T18:40:36.196205+00:00,94,0.26000279,0.0227465,5.441492,1066.600804
2026-03-21T18:40:41.583875+00:00,95,0.35628104,0.0424169,5.387670,1071.988474
2026-03-21T18:40:46.962138+00:00,96,0.35353565,0.0168192,5.378263,1077.366737
2026-03-21T18:40:52.346256+00:00,97,0.29936638,0.0626817,5.384118,1082.750855
2026-03-21T18:40:57.741404+00:00,98,0.32016954,0.0160363,5.395148,1088.146003
2026-03-21T18:41:03.124051+00:00,99,0.37706453,0.0442322,5.382647,1093.528650
2026-03-21T18:41:05.864491+00:00,100,0.39301667,0.00671724,2.740440,1096.269090
2026-03-21T18:46:01.466774+00:00,101,0.34721157,0.0146616,295.602282,1391.871372
2026-03-21T18:46:06.864360+00:00,102,0.25289625,0.0274568,5.397587,1397.268959
2026-03-21T18:46:12.273850+00:00,103,0.28933886,0.0229281,5.409490,1402.678449
2026-03-21T18:46:17.674878+00:00,104,0.35904357,0.00976541,5.401028,1408.079476
2026-03-21T18:46:23.082176+00:00,105,0.30215794,0.0544227,5.407298,1413.486775
2026-03-21T18:46:28.512070+00:00,106,0.44344723,0.0183266,5.429893,1418.916668
2026-03-21T18:46:33.918150+00:00,107,0.32332838,0.0352339,5.406081,1424.322749
2026-03-21T18:46:39.374544+00:00,108,0.2902624,0.0258258,5.456394,1429.779143
2026-03-21T18:46:44.875936+00:00,109,0.31407851,0.0407561,5.501392,1435.280535
2026-03-21T18:46:47.629158+00:00,110,0.29779887,0.0108349,2.753222,1438.033757
2026-03-21T18:46:53.479557+00:00,111,0.33064729,0.0397552,5.850395,1443.884152
2026-03-21T18:46:58.880345+00:00,112,0.35568595,0.0589241,5.400791,1449.284943
2026-03-21T18:47:04.314556+00:00,113,0.30493367,0.0356872,5.434213,1454.719156
2026-03-21T18:47:09.714124+00:00,114,0.32011095,0.0331492,5.399567,1460.118723
2026-03-21T18:47:15.179565+00:00,115,0.28484482,0.0348561,5.465441,1465.584164
2026-03-21T18:47:20.590769+00:00,116,0.29083788,0.0336857,5.411204,1470.995368
2026-03-21T18:47:25.986304+00:00,117,0.32041571,0.0533957,5.395535,1476.390903
2026-03-21T18:47:31.372562+00:00,118,0.33185613,0.0232488,5.386258,1481.777161
2026-03-21T18:47:36.772031+00:00,119,0.33357543,0.0405093,5.399468,1487.176630
2026-03-21T18:47:39.582297+00:00,120,0.33932489,0.0183427,2.810267,1489.986896
2026-03-21T18:47:45.395767+00:00,121,0.35635245,0.0386835,5.813466,1495.800362
2026-03-21T18:47:50.808763+00:00,122,0.28364834,0.0342194,5.413000,1501.213362
2026-03-21T18:47:56.294169+00:00,123,0.29299054,0.0226517,5.485406,1506.698768
2026-03-21T18:48:01.695837+00:00,124,0.30494761,0.0249333,5.401668,1512.100436
2026-03-21T18:48:07.124028+00:00,125,0.29915711,0.0700741,5.428191,1517.528627
2026-03-21T18:48:12.533195+00:00,126,0.33338374,0.0266382,5.409167,1522.937794
2026-03-21T18:48:17.980523+00:00,127,0.32057363,0.0335747,5.447328,1528.385122
2026-03-21T18:48:23.362148+00:00,128,0.34326988,0.0339958,5.381625,1533.766747
2026-03-21T18:48:28.766198+00:00,129,0.31109059,0.0165253,5.404050,1539.170797
2026-03-21T18:48:31.501789+00:00,130,0.28506067,0.0242999,2.735592,1541.906388
2026-03-21T18:48:37.400458+00:00,131,0.31136274,0.0262188,5.898664,1547.805053
2026-03-21T18:48:42.811626+00:00,132,0.27338472,0.0430871,5.411172,1553.216225
2026-03-21T18:48:48.224238+00:00,133,0.3598935,0.0190019,5.412611,1558.628837
2026-03-21T18:48:53.680222+00:00,134,0.34672356,0.0230524,5.455984,1564.084821
2026-03-21T18:48:59.097891+00:00,135,0.24404711,0.0186844,5.417669,1569.502490
2026-03-21T18:49:04.524357+00:00,136,0.33724308,0.0273658,5.426465,1574.928955
2026-03-21T18:49:09.953541+00:00,137,0.29588455,0.0318022,5.429184,1580.358140
2026-03-21T18:49:15.394962+00:00,138,0.33562696,0.0158968,5.441421,1585.799561
2026-03-21T18:49:20.784436+00:00,139,0.33758447,0.0239081,5.389474,1591.189035
2026-03-21T18:49:23.527305+00:00,140,0.30004087,0.0127587,2.742869,1593.931904
2026-03-21T18:49:29.398433+00:00,141,0.30498108,0.0279548,5.871123,1599.803027
2026-03-21T18:49:34.840182+00:00,142,0.34473163,0.0667521,5.441753,1605.244780
2026-03-21T18:49:40.233127+00:00,143,0.31608701,0.0360944,5.392945,1610.637725
2026-03-21T18:49:45.628922+00:00,144,0.32762629,0.0497058,5.395795,1616.033520
2026-03-21T18:49:51.019113+00:00,145,0.28880349,0.0274383,5.390192,1621.423712
2026-03-21T18:49:56.433957+00:00,146,0.4105953,0.027392,5.414844,1626.838556
2026-03-21T18:50:01.821335+00:00,147,0.40066719,0.0186082,5.387377,1632.225934
2026-03-21T18:50:07.213860+00:00,148,0.39875478,0.0201087,5.392525,1637.618459
2026-03-21T18:50:12.599909+00:00,149,0.38633615,0.0365754,5.386049,1643.004508
2026-03-21T18:50:15.353158+00:00,150,0.306243,0.0104668,2.753249,1645.757756
2026-03-21T18:55:11.293669+00:00,151,0.34709841,0.0467851,295.940512,1941.698268
2026-03-21T18:55:16.684918+00:00,152,0.33557993,0.0430583,5.391249,1947.089517
2026-03-21T18:55:22.075198+00:00,153,0.33173549,0.0299394,5.390280,1952.479797
2026-03-21T18:55:27.484556+00:00,154,0.34584954,0.0249406,5.409357,1957.889154
2026-03-21T18:55:32.903622+00:00,155,0.38796476,0.0302718,5.419066,1963.308221
2026-03-21T18:55:38.312609+00:00,156,0.27136725,0.0234511,5.408987,1968.717208
2026-03-21T18:55:43.714061+00:00,157,0.35253644,0.0359263,5.401453,1974.118660
2026-03-21T18:55:49.117240+00:00,158,0.26994151,0.0282544,5.403178,1979.521839
2026-03-21T18:55:54.534252+00:00,159,0.37199846,0.113552,5.417012,1984.938851
2026-03-21T18:55:57.294375+00:00,160,0.39804044,0.01519,2.760122,1987.698973
2026-03-21T18:56:03.158712+00:00,161,0.27461278,0.0261729,5.864328,1993.563301
2026-03-21T18:56:08.560849+00:00,162,0.36999971,0.0199964,5.402146,1998.965447
2026-03-21T18:56:13.979943+00:00,163,0.27069545,0.0375065,5.419095,2004.384542
2026-03-21T18:56:19.400191+00:00,164,0.32516792,0.0204983,5.420248,2009.804790
2026-03-21T18:56:24.778448+00:00,165,0.31903073,0.0252767,5.378258,2015.183047
2026-03-21T18:56:30.212382+00:00,166,0.31306908,0.0232759,5.433933,2020.616981
2026-03-21T18:56:35.617667+00:00,167,0.36754107,0.020395,5.405285,2026.022266
2026-03-21T18:56:41.018615+00:00,168,0.24863738,0.0244575,5.400948,2031.423214
2026-03-21T18:56:46.407420+00:00,169,0.41156566,0.0218586,5.388805,2036.812019
2026-03-21T18:56:49.161709+00:00,170,0.396972,0.00983492,2.754289,2039.566308
2026-03-21T18:56:55.043756+00:00,171,0.35362211,0.0219365,5.882045,2045.448353
2026-03-21T18:57:00.428726+00:00,172,0.3791306,0.0669102,5.384970,2050.833323
2026-03-21T18:57:05.834744+00:00,173,0.29168043,0.0414435,5.406019,2056.239342
2026-03-21T18:57:11.249224+00:00,174,0.28239867,0.0204728,5.414480,2061.653823
2026-03-21T18:57:16.631461+00:00,175,0.29652965,0.0361086,5.382237,2067.036060
2026-03-21T18:57:22.010176+00:00,176,0.29393539,0.0429458,5.378715,2072.414775
2026-03-21T18:57:27.410621+00:00,177,0.35461771,0.0638476,5.400445,2077.815220
2026-03-21T18:57:32.826792+00:00,178,0.31698588,0.049762,5.416171,2083.231390
2026-03-21T18:57:38.229558+00:00,179,0.27633232,0.022618,5.402767,2088.634157
2026-03-21T18:57:40.970402+00:00,180,0.43402228,0.00932689,2.740844,2091.375001
2026-03-21T18:57:46.813620+00:00,181,0.3007288,0.0304939,5.843213,2097.218214
2026-03-21T18:57:52.249016+00:00,182,0.29762712,0.0290859,5.435400,2102.653614
2026-03-21T18:57:57.683307+00:00,183,0.33892894,0.0250699,5.434290,2108.087904
2026-03-21T18:58:03.104440+00:00,184,0.30164313,0.0218296,5.421135,2113.509039
2026-03-21T18:58:08.574169+00:00,185,0.36481166,0.055968,5.469729,2118.978768
2026-03-21T18:58:13.988405+00:00,186,0.36033726,0.0323597,5.414236,2124.393004
2026-03-21T18:58:19.445091+00:00,187,0.26238108,0.0186877,5.456687,2129.849691
2026-03-21T18:58:24.869988+00:00,188,0.29798752,0.0157178,5.424897,2135.274587
2026-03-21T18:58:30.302813+00:00,189,0.28425437,0.0278097,5.432824,2140.707411
2026-03-21T18:58:33.039077+00:00,190,0.37586302,0.0153841,2.736265,2143.443676
2026-03-21T18:58:38.895270+00:00,191,0.30143705,0.0198778,5.856191,2149.299867
2026-03-21T18:58:44.281710+00:00,192,0.30496752,0.0418486,5.386442,2154.686309
2026-03-21T18:58:49.690961+00:00,193,0.31821051,0.0660079,5.409252,2160.095560
2026-03-21T18:58:55.097674+00:00,194,0.28866148,0.0387227,5.406712,2165.502273
2026-03-21T18:59:00.505947+00:00,195,0.35528427,0.0747127,5.408273,2170.910546
2026-03-21T18:59:05.915849+00:00,196,0.3075574,0.022181,5.409901,2176.320447
2026-03-21T18:59:11.328154+00:00,197,0.31111374,0.0216588,5.412306,2181.732753
2026-03-21T18:59:16.729305+00:00,198,0.30275887,0.0177457,5.401151,2187.133904
2026-03-21T18:59:22.138740+00:00,199,0.25873435,0.0271418,5.409435,2192.543339
2026-03-21T18:59:24.880056+00:00,200,0.33509243,0.0155229,2.741316,2195.284655
2026-03-21T19:04:21.440701+00:00,201,0.31602949,0.0368569,296.560645,2491.845300
2026-03-21T19:04:26.918644+00:00,202,0.37963447,0.0171672,5.477943,2497.323242
2026-03-21T19:04:32.315489+00:00,203,0.27270681,0.0475778,5.396845,2502.720088
2026-03-21T19:04:37.723504+00:00,204,0.28115052,0.0440754,5.408015,2508.128103
2026-03-21T19:04:43.146877+00:00,205,0.36015868,0.0176118,5.423373,2513.551476
2026-03-21T19:04:48.556361+00:00,206,0.31416261,0.066726,5.409484,2518.960960
2026-03-21T19:04:53.956357+00:00,207,0.2917237,0.0395817,5.399996,2524.360956
2026-03-21T19:04:59.366134+00:00,208,0.37181032,0.0163807,5.409777,2529.770732
2026-03-21T19:05:04.779835+00:00,209,0.32648921,0.0337958,5.413702,2535.184434
2026-03-21T19:05:07.520905+00:00,210,0.27737299,0.0141246,2.741070,2537.925504
2026-03-21T19:05:13.388438+00:00,211,0.25665361,0.0377264,5.867530,2543.793034
2026-03-21T19:05:18.792762+00:00,212,0.31273055,0.0515534,5.404327,2549.197361
2026-03-21T19:05:24.204389+00:00,213,0.2779578,0.0273061,5.411627,2554.608987
2026-03-21T19:05:29.631208+00:00,214,0.31029207,0.0188074,5.426819,2560.035807
2026-03-21T19:05:35.016838+00:00,215,0.3075918,0.0298342,5.385630,2565.421437
2026-03-21T19:05:40.447399+00:00,216,0.29949147,0.026421,5.430561,2570.851997
2026-03-21T19:05:45.843248+00:00,217,0.39060092,0.0375325,5.395849,2576.247847
2026-03-21T19:05:51.267102+00:00,218,0.31835079,0.0360208,5.423854,2581.671701
2026-03-21T19:05:56.709391+00:00,219,0.33568758,0.036624,5.442289,2587.113990
2026-03-21T19:05:59.445522+00:00,220,0.24426648,0.0282806,2.736131,2589.850122
2026-03-21T19:06:05.270735+00:00,221,0.29216608,0.0407474,5.825210,2595.675332
2026-03-21T19:06:10.665373+00:00,222,0.39800397,0.0136499,5.394641,2601.069972
2026-03-21T19:06:16.067597+00:00,223,0.30501419,0.0366699,5.402223,2606.472196
2026-03-21T19:06:21.482143+00:00,224,0.28065836,0.0712563,5.414546,2611.886742
2026-03-21T19:06:26.894616+00:00,225,0.33161211,0.0486676,5.412473,2617.299215
2026-03-21T19:06:32.300163+00:00,226,0.30295753,0.0255562,5.405547,2622.704762
2026-03-21T19:06:37.777447+00:00,227,0.31568608,0.0290837,5.477283,2628.182046
2026-03-21T19:06:43.192978+00:00,228,0.30775207,0.0302968,5.415531,2633.597577
2026-03-21T19:06:48.607159+00:00,229,0.37977171,0.0265492,5.414181,2639.011758
2026-03-21T19:06:51.342176+00:00,230,0.29454479,0.0340991,2.735017,2641.746775
2026-03-21T19:06:57.170016+00:00,231,0.34137195,0.0220871,5.827836,2647.574611
2026-03-21T19:07:02.568946+00:00,232,0.30630898,0.0383166,5.398935,2652.973546
2026-03-21T19:07:08.052408+00:00,233,0.37482244,0.0221917,5.483461,2658.457007
2026-03-21T19:07:13.515130+00:00,234,0.33570981,0.0482199,5.462723,2663.919729
2026-03-21T19:07:19.145155+00:00,235,0.29246336,0.0540113,5.630025,2669.549754
2026-03-21T19:07:24.546535+00:00,236,0.28710738,0.0367771,5.401379,2674.951133
2026-03-21T19:07:29.948065+00:00,237,0.31941813,0.0358369,5.401531,2680.352664
2026-03-21T19:07:35.366979+00:00,238,0.34017861,0.0172325,5.418913,2685.771577
2026-03-21T19:07:40.761780+00:00,239,0.34297431,0.0333066,5.394802,2691.166379
2026-03-21T19:07:43.508385+00:00,240,0.32562509,0.0492021,2.746604,2693.912984
2026-03-21T19:07:49.374406+00:00,241,0.24266715,0.0319132,5.866019,2699.779002
2026-03-21T19:07:54.799168+00:00,242,0.34572595,0.0535484,5.424765,2705.203767
2026-03-21T19:08:00.221315+00:00,243,0.26829553,0.0488194,5.422147,2710.625914
2026-03-21T19:08:05.627471+00:00,244,0.25848714,0.0870428,5.406155,2716.032069
2026-03-21T19:08:11.056371+00:00,245,0.37763929,0.0228911,5.428901,2721.460970
2026-03-21T19:08:16.473095+00:00,246,0.28710744,0.0344004,5.416724,2726.877694
2026-03-21T19:08:21.882747+00:00,247,0.28102198,0.0214919,5.409653,2732.287346
2026-03-21T19:08:27.301549+00:00,248,0.24254581,0.0316709,5.418802,2737.706148
2026-03-21T19:08:32.711465+00:00,249,0.33707339,0.0263282,5.409917,2743.116064
2026-03-21T19:08:35.442926+00:00,250,0.31149489,0.0227267,2.731461,2745.847525
2026-03-21T19:13:31.157958+00:00,251,0.28041452,0.0333055,295.715029,3041.562554
2026-03-21T19:13:36.585492+00:00,252,0.22045499,0.0433471,5.427536,3046.990090
2026-03-21T19:13:41.983070+00:00,253,0.30353749,0.0213011,5.397579,3052.387669
2026-03-21T19:13:47.399755+00:00,254,0.28934631,0.027946,5.416685,3057.804354
2026-03-21T19:13:52.811285+00:00,255,0.27689427,0.0647871,5.411531,3063.215884
2026-03-21T19:13:58.216709+00:00,256,0.29634535,0.0232046,5.405423,3068.621308
2026-03-21T19:14:03.613578+00:00,257,0.27521569,0.0207411,5.396869,3074.018177
2026-03-21T19:14:09.009539+00:00,258,0.27498677,0.0304641,5.395961,3079.414138
2026-03-21T19:14:14.436567+00:00,259,0.36014655,0.0589451,5.427028,3084.841166
2026-03-21T19:14:17.176198+00:00,260,0.36647052,0.0224166,2.739631,3087.580797
2026-03-21T19:14:23.089533+00:00,261,0.27891514,0.0191624,5.913331,3093.494128
2026-03-21T19:14:28.529030+00:00,262,0.29675311,0.0206958,5.439501,3098.933629
2026-03-21T19:14:34.153585+00:00,263,0.29890722,0.0221966,5.624556,3104.558185
2026-03-21T19:14:39.582964+00:00,264,0.33750328,0.0231939,5.429378,3109.987563
2026-03-21T19:14:44.977713+00:00,265,0.29686072,0.0324889,5.394749,3115.382312
2026-03-21T19:14:50.376032+00:00,266,0.38087821,0.0677428,5.398319,3120.780630
2026-03-21T19:14:55.780116+00:00,267,0.31218228,0.0398937,5.404085,3126.184716
2026-03-21T19:15:01.196220+00:00,268,0.38055867,0.0219757,5.416104,3131.600819
2026-03-21T19:15:06.589546+00:00,269,0.34740689,0.0247863,5.393325,3136.994145
2026-03-21T19:15:09.331213+00:00,270,0.34932894,0.0261154,2.741668,3139.735812
2026-03-21T19:15:15.144033+00:00,271,0.31256849,0.0268765,5.812817,3145.548630
2026-03-21T19:15:20.634909+00:00,272,0.25867683,0.0184132,5.490878,3151.039507
2026-03-21T19:15:26.042237+00:00,273,0.33530343,0.0124285,5.407328,3156.446836
2026-03-21T19:15:31.452548+00:00,274,0.36426097,0.034695,5.410312,3161.857147
2026-03-21T19:15:36.849824+00:00,275,0.26563054,0.0210956,5.397276,3167.254423
2026-03-21T19:15:42.457855+00:00,276,0.29751152,0.0194472,5.608030,3172.862453
2026-03-21T19:15:47.872413+00:00,277,0.24427155,0.0195063,5.414559,3178.277012
2026-03-21T19:15:53.270322+00:00,278,0.36924958,0.022244,5.397909,3183.674921
2026-03-21T19:15:58.750856+00:00,279,0.3989884,0.0170622,5.480533,3189.155455
2026-03-21T19:16:01.520195+00:00,280,0.28691536,0.027934,2.769340,3191.924795
2026-03-21T19:16:07.402259+00:00,281,0.39409035,0.0378078,5.882060,3197.806855
2026-03-21T19:16:12.816532+00:00,282,0.32115284,0.0359169,5.414275,3203.221130
2026-03-21T19:16:18.250713+00:00,283,0.32501441,0.024761,5.434182,3208.655312
2026-03-21T19:16:23.723285+00:00,284,0.31429222,0.0385937,5.472573,3214.127885
2026-03-21T19:16:29.123421+00:00,285,0.34708548,0.0189175,5.400135,3219.528020
2026-03-21T19:16:34.502191+00:00,286,0.27030233,0.0375031,5.378771,3224.906791
2026-03-21T19:16:39.889284+00:00,287,0.28298068,0.0422954,5.387092,3230.293883
2026-03-21T19:16:45.295849+00:00,288,0.35346267,0.0333831,5.406565,3235.700447
2026-03-21T19:16:50.681831+00:00,289,0.23869137,0.0336155,5.385983,3241.086430
2026-03-21T19:16:53.422634+00:00,290,0.22054988,0.01456,2.740802,3243.827232
2026-03-21T19:16:59.259459+00:00,291,0.3231422,0.0453588,5.836822,3249.664055
2026-03-21T19:17:04.707125+00:00,292,0.25752395,0.0282973,5.447669,3255.111723
2026-03-21T19:17:10.168646+00:00,293,0.30969518,0.0260539,5.461522,3260.573245
2026-03-21T19:17:15.582006+00:00,294,0.25863701,0.0392568,5.413360,3265.986605
2026-03-21T19:17:20.986302+00:00,295,0.30570439,0.0223549,5.404296,3271.390901
2026-03-21T19:17:26.373114+00:00,296,0.30113479,0.0278007,5.386812,3276.777713
2026-03-21T19:17:31.771247+00:00,297,0.30546924,0.0258389,5.398133,3282.175846
2026-03-21T19:17:37.175456+00:00,298,0.37493229,0.0311341,5.404208,3287.580055
2026-03-21T19:17:42.585918+00:00,299,0.35234007,0.023573,5.410462,3292.990516
2026-03-21T19:17:45.326529+00:00,300,0.2949118,0.0339751,2.740612,3295.731128
2026-03-21T19:22:41.120527+00:00,301,0.29611701,0.0388197,295.793997,3591.525126
2026-03-21T19:22:46.528734+00:00,302,0.36725074,0.0181692,5.408207,3596.933333
2026-03-21T19:22:51.955479+00:00,303,0.3618235,0.021548,5.426745,3602.360077
2026-03-21T19:22:57.413827+00:00,304,0.33559543,0.0395348,5.458348,3607.818426
2026-03-21T19:23:02.819257+00:00,305,0.43270361,0.0140846,5.405431,3613.223856
2026-03-21T19:23:08.203354+00:00,306,0.32329828,0.0343886,5.384097,3618.607953
2026-03-21T19:23:13.609759+00:00,307,0.36036184,0.0258074,5.406405,3624.014358
2026-03-21T19:23:18.990449+00:00,308,0.36600679,0.0202199,5.380690,3629.395048
2026-03-21T19:23:24.407044+00:00,309,0.34984392,0.0244508,5.416595,3634.811642
2026-03-21T19:23:27.144311+00:00,310,0.37744749,0.00786044,2.737268,3637.548910
2026-03-21T19:23:33.022583+00:00,311,0.30040187,0.0375449,5.878269,3643.427179
2026-03-21T19:23:38.435178+00:00,312,0.27194381,0.0522609,5.412598,3648.839776
2026-03-21T19:23:43.841160+00:00,313,0.36447889,0.0297592,5.405982,3654.245758
2026-03-21T19:23:49.231697+00:00,314,0.27225536,0.0164139,5.390529,3659.636288
2026-03-21T19:23:54.628004+00:00,315,0.36863029,0.0159554,5.396315,3665.032603
2026-03-21T19:24:00.011336+00:00,316,0.32196701,0.0736066,5.383332,3670.415935
2026-03-21T19:24:05.405417+00:00,317,0.2827414,0.0532781,5.394081,3675.810016
2026-03-21T19:24:10.806056+00:00,318,0.3563323,0.0139019,5.400639,3681.210654
2026-03-21T19:24:16.190065+00:00,319,0.34337384,0.0289874,5.384009,3686.594664
2026-03-21T19:24:18.924780+00:00,320,0.31033218,0.0332355,2.734715,3689.329379
2026-03-21T19:24:24.818392+00:00,321,0.39454058,0.0244257,5.893609,3695.222988
2026-03-21T19:24:30.217134+00:00,322,0.26135212,0.0292352,5.398745,3700.621733
2026-03-21T19:24:35.640723+00:00,323,0.33455831,0.0289889,5.423589,3706.045322
2026-03-21T19:24:41.037898+00:00,324,0.25079024,0.0452197,5.397176,3711.442497
2026-03-21T19:24:46.445242+00:00,325,0.37172812,0.0573787,5.407344,3716.849841
2026-03-21T19:24:51.831129+00:00,326,0.34642512,0.0217012,5.385887,3722.235728
2026-03-21T19:24:57.213972+00:00,327,0.31343195,0.0274674,5.382843,3727.618571
2026-03-21T19:25:02.595271+00:00,328,0.35147595,0.0334438,5.381299,3732.999870
2026-03-21T19:25:08.000225+00:00,329,0.28835583,0.032818,5.404954,3738.404824
2026-03-21T19:25:10.917310+00:00,330,0.24619883,0.00856677,2.917085,3741.321909
2026-03-21T19:25:16.789875+00:00,331,0.3594557,0.0202892,5.872561,3747.194469
2026-03-21T19:25:22.205314+00:00,332,0.3110297,0.0233596,5.415444,3752.609913
2026-03-21T19:25:27.610916+00:00,333,0.37856907,0.0236611,5.405602,3758.015515
2026-03-21T19:25:33.035206+00:00,334,0.26220632,0.0221034,5.424290,3763.439805
2026-03-21T19:25:38.458940+00:00,335,0.28519213,0.0233162,5.423733,3768.863538
2026-03-21T19:25:43.867995+00:00,336,0.31028569,0.0162547,5.409056,3774.272594
2026-03-21T19:25:49.265571+00:00,337,0.30190596,0.0785616,5.397575,3779.670169
2026-03-21T19:25:54.653851+00:00,338,0.35009944,0.0250322,5.388281,3785.058450
2026-03-21T19:26:00.039635+00:00,339,0.25386745,0.0308754,5.385784,3790.444234
2026-03-21T19:26:02.790070+00:00,340,0.29664361,0.0161569,2.750436,3793.194669
2026-03-21T19:26:08.634564+00:00,341,0.30909795,0.0356032,5.844491,3799.039161
2026-03-21T19:26:14.031358+00:00,342,0.38338464,0.0240028,5.396796,3804.435957
2026-03-21T19:26:19.455512+00:00,343,0.27826679,0.0378978,5.424155,3809.860111
2026-03-21T19:26:24.851225+00:00,344,0.35169947,0.0497629,5.395713,3815.255824
2026-03-21T19:26:30.251466+00:00,345,0.37332332,0.02152,5.400241,3820.656065
2026-03-21T19:26:35.678684+00:00,346,0.34694394,0.012913,5.427218,3826.083283
2026-03-21T19:26:41.102248+00:00,347,0.34481904,0.0347711,5.423564,3831.506847
2026-03-21T19:26:46.498422+00:00,348,0.35837695,0.0236908,5.396174,3836.903021
2026-03-21T19:26:51.892155+00:00,349,0.3069346,0.0233376,5.393733,3842.296754
2026-03-21T19:26:54.639157+00:00,350,0.27599031,0.00701512,2.747002,3845.043756
2026-03-21T19:31:49.966053+00:00,351,0.34011126,0.0335556,295.326896,4140.370652
2026-03-21T19:31:55.416815+00:00,352,0.27416921,0.0195699,5.450762,4145.821414
2026-03-21T19:32:00.899517+00:00,353,0.21110824,0.0174339,5.482702,4151.304116
2026-03-21T19:32:06.347396+00:00,354,0.29926747,0.0270452,5.447880,4156.751995
2026-03-21T19:32:11.735325+00:00,355,0.30879566,0.030146,5.387928,4162.139924
2026-03-21T19:32:17.123884+00:00,356,0.25796962,0.0252123,5.388560,4167.528483
2026-03-21T19:32:22.524540+00:00,357,0.35830387,0.0318371,5.400656,4172.929139
2026-03-21T19:32:27.965165+00:00,358,0.28289467,0.025321,5.440625,4178.369764
2026-03-21T19:32:33.408336+00:00,359,0.32390079,0.0577792,5.443171,4183.812935
2026-03-21T19:32:36.155935+00:00,360,0.24671507,0.012782,2.747600,4186.560534
2026-03-21T19:32:42.068088+00:00,361,0.26510844,0.036648,5.912150,4192.472685
2026-03-21T19:32:47.489790+00:00,362,0.32586065,0.0296287,5.421704,4197.894388
2026-03-21T19:32:52.890266+00:00,363,0.31065738,0.0388743,5.400476,4203.294864
2026-03-21T19:32:58.274166+00:00,364,0.24653813,0.0339576,5.383901,4208.678765
2026-03-21T19:33:03.673802+00:00,365,0.31804872,0.0441571,5.399636,4214.078401
2026-03-21T19:33:09.078619+00:00,366,0.28356791,0.0401295,5.404817,4219.483218
2026-03-21T19:33:14.461748+00:00,367,0.33142644,0.0401585,5.383129,4224.866347
2026-03-21T19:33:19.845066+00:00,368,0.3901777,0.0242274,5.383318,4230.249665
2026-03-21T19:33:25.236263+00:00,369,0.31932482,0.0371134,5.391197,4235.640862
2026-03-21T19:33:27.981136+00:00,370,0.35425019,0.0120215,2.744873,4238.385735
2026-03-21T19:33:33.775406+00:00,371,0.3688252,0.0406105,5.794267,4244.180002
2026-03-21T19:33:39.163261+00:00,372,0.2723608,0.0286099,5.387858,4249.567860
2026-03-21T19:33:44.555744+00:00,373,0.30281037,0.0269077,5.392483,4254.960343
2026-03-21T19:33:49.976299+00:00,374,0.36470157,0.0213615,5.420555,4260.380898
2026-03-21T19:33:55.369974+00:00,375,0.3664591,0.0314856,5.393676,4265.774573
2026-03-21T19:34:00.811634+00:00,376,0.27124101,0.0454566,5.441660,4271.216233
2026-03-21T19:34:06.208365+00:00,377,0.38063577,0.0349226,5.396731,4276.612964
2026-03-21T19:34:11.592527+00:00,378,0.32596672,0.0235873,5.384161,4281.997126
2026-03-21T19:34:16.988331+00:00,379,0.26527414,0.0316224,5.395804,4287.392930
2026-03-21T19:34:19.733885+00:00,380,0.31754833,0.0097826,2.745555,4290.138485
2026-03-21T19:34:25.635168+00:00,381,0.316921,0.0468111,5.901277,4296.039762
2026-03-21T19:34:31.050604+00:00,382,0.30333957,0.0228396,5.415441,4301.455203
2026-03-21T19:34:36.457226+00:00,383,0.28476405,0.0313063,5.406621,4306.861824
2026-03-21T19:34:41.851869+00:00,384,0.38922849,0.0189891,5.394643,4312.256467
2026-03-21T19:34:47.240464+00:00,385,0.29073083,0.0251806,5.388594,4317.645062
2026-03-21T19:34:52.648382+00:00,386,0.32779098,0.0123262,5.407919,4323.052981
2026-03-21T19:34:58.025121+00:00,387,0.30182707,0.0364481,5.376739,4328.429720
2026-03-21T19:35:03.420547+00:00,388,0.31066555,0.0307783,5.395426,4333.825146
2026-03-21T19:35:08.801575+00:00,389,0.31040213,0.0657481,5.381028,4339.206174
2026-03-21T19:35:11.569606+00:00,390,0.27198744,0.0114642,2.768031,4341.974205
2026-03-21T19:35:17.429397+00:00,391,0.26799384,0.0251731,5.859789,4347.833994
2026-03-21T19:35:22.823473+00:00,392,0.35361469,0.0171643,5.394078,4353.228071
2026-03-21T19:35:28.221566+00:00,393,0.36531392,0.0299255,5.398093,4358.626165
2026-03-21T19:35:33.663571+00:00,394,0.30241176,0.0294592,5.442005,4364.068170
2026-03-21T19:35:39.059086+00:00,395,0.33661449,0.0259964,5.395515,4369.463685
2026-03-21T19:35:44.490084+00:00,396,0.29197448,0.0333218,5.430998,4374.894683
2026-03-21T19:35:49.915561+00:00,397,0.37123507,0.0160499,5.425476,4380.320160
2026-03-21T19:35:55.333902+00:00,398,0.30604813,0.0219727,5.418341,4385.738501
2026-03-21T19:36:00.734376+00:00,399,0.32126108,0.030251,5.400474,4391.138975
2026-03-21T19:36:03.760383+00:00,400,0.33191437,0.0187636,3.026008,4394.164983
2026-03-21T19:40:59.681308+00:00,401,0.41342795,0.0215117,295.920925,4690.085907
2026-03-21T19:41:05.100740+00:00,402,0.2882309,0.0452435,5.419432,4695.505339
2026-03-21T19:41:10.538994+00:00,403,0.27837873,0.041498,5.438254,4700.943593
2026-03-21T19:41:15.975636+00:00,404,0.33957633,0.0301914,5.436642,4706.380235
2026-03-21T19:41:21.402262+00:00,405,0.30168703,0.022684,5.426626,4711.806861
2026-03-21T19:41:26.911584+00:00,406,0.31594861,0.0267086,5.509322,4717.316183
2026-03-21T19:41:32.330041+00:00,407,0.33054957,0.0237487,5.418455,4722.734638
2026-03-21T19:41:37.762452+00:00,408,0.34253061,0.0265749,5.432414,4728.167051
2026-03-21T19:41:43.159351+00:00,409,0.30558574,0.0474446,5.396899,4733.563950
2026-03-21T19:41:45.889991+00:00,410,0.32411736,0.0120242,2.730639,4736.294589
2026-03-21T19:41:51.752799+00:00,411,0.36503422,0.0282203,5.862807,4742.157396
2026-03-21T19:41:57.168514+00:00,412,0.30354333,0.0800527,5.415717,4747.573113
2026-03-21T19:42:02.655728+00:00,413,0.24895971,0.0451642,5.487214,4753.060327
2026-03-21T19:42:08.050248+00:00,414,0.25964156,0.038417,5.394520,4758.454847
2026-03-21T19:42:13.438637+00:00,415,0.36438122,0.0163571,5.388389,4763.843236
2026-03-21T19:42:18.884665+00:00,416,0.28266507,0.0341901,5.446027,4769.289264
2026-03-21T19:42:24.318502+00:00,417,0.23934849,0.0199236,5.433837,4774.723101
2026-03-21T19:42:29.723791+00:00,418,0.30923995,0.0489608,5.405289,4780.128390
2026-03-21T19:42:35.099386+00:00,419,0.27871409,0.0345744,5.375594,4785.503984
2026-03-21T19:42:37.829482+00:00,420,0.26767144,0.0150186,2.730097,4788.234082
2026-03-21T19:42:43.709370+00:00,421,0.24570458,0.0189706,5.879886,4794.113967
2026-03-21T19:42:49.101835+00:00,422,0.30494121,0.0399719,5.392465,4799.506432
2026-03-21T19:42:54.516645+00:00,423,0.30409187,0.0257264,5.414812,4804.921244
2026-03-21T19:42:59.902563+00:00,424,0.32393032,0.0312244,5.385918,4810.307162
2026-03-21T19:43:05.304837+00:00,425,0.35554528,0.0448764,5.402273,4815.709435
2026-03-21T19:43:10.737973+00:00,426,0.31400102,0.0191386,5.433137,4821.142573
2026-03-21T19:43:16.148136+00:00,427,0.30918455,0.0207086,5.410162,4826.552735
2026-03-21T19:43:21.569183+00:00,428,0.35896295,0.0323093,5.421047,4831.973782
2026-03-21T19:43:26.961842+00:00,429,0.34755266,0.037735,5.392659,4837.366441
2026-03-21T19:43:29.694536+00:00,430,0.28175074,0.0121636,2.732693,4840.099134
2026-03-21T19:43:35.654765+00:00,431,0.36183959,0.0386986,5.960227,4846.059362
2026-03-21T19:43:41.036354+00:00,432,0.38102865,0.0382155,5.381590,4851.440952
2026-03-21T19:43:46.439237+00:00,433,0.29421595,0.0196999,5.402884,4856.843836
2026-03-21T19:43:51.835314+00:00,434,0.41503289,0.0141561,5.396077,4862.239913
2026-03-21T19:43:57.248845+00:00,435,0.33056337,0.045718,5.413530,4867.653443
2026-03-21T19:44:02.650261+00:00,436,0.36482477,0.0422041,5.401417,4873.054861
2026-03-21T19:44:08.026642+00:00,437,0.37935781,0.024496,5.376380,4878.431241
2026-03-21T19:44:13.409009+00:00,438,0.30535311,0.0260065,5.382367,4883.813608
2026-03-21T19:44:18.799504+00:00,439,0.32575804,0.0166534,5.390495,4889.204103
2026-03-21T19:44:21.619012+00:00,440,0.30753845,0.0141715,2.819508,4892.023611
2026-03-21T19:44:27.505419+00:00,441,0.36471575,0.0162443,5.886404,4897.910016
2026-03-21T19:44:32.899042+00:00,442,0.30430979,0.0199773,5.393625,4903.303641
2026-03-21T19:44:38.296572+00:00,443,0.38330323,0.0346894,5.397531,4908.701171
2026-03-21T19:44:43.697597+00:00,444,0.37379539,0.0197921,5.401025,4914.102196
2026-03-21T19:44:49.093639+00:00,445,0.33966416,0.0259002,5.396041,4919.498238
2026-03-21T19:44:54.477397+00:00,446,0.32698095,0.0302336,5.383758,4924.881996
2026-03-21T19:44:59.934932+00:00,447,0.39496836,0.0302562,5.457535,4930.339531
2026-03-21T19:45:05.339440+00:00,448,0.33748829,0.0324521,5.404508,4935.744039
2026-03-21T19:45:10.750939+00:00,449,0.21964088,0.0308674,5.411498,4941.155537
2026-03-21T19:45:13.489435+00:00,450,0.31798831,0.0244169,2.738496,4943.894034
2026-03-21T19:50:09.693735+00:00,451,0.29314083,0.0464313,296.204300,5240.098334
2026-03-21T19:50:15.111130+00:00,452,0.28265747,0.0228119,5.417395,5245.515729
2026-03-21T19:50:20.509646+00:00,453,0.38196266,0.0228143,5.398516,5250.914245
2026-03-21T19:50:25.904676+00:00,454,0.25111046,0.0324907,5.395030,5256.309275
2026-03-21T19:50:31.335262+00:00,455,0.3501001,0.0267685,5.430586,5261.739861
2026-03-21T19:50:36.747961+00:00,456,0.25925189,0.0171326,5.412699,5267.152560
2026-03-21T19:50:42.141754+00:00,457,0.35363141,0.0293988,5.393792,5272.546352
2026-03-21T19:50:47.573678+00:00,458,0.31108832,0.0344476,5.431924,5277.978276
2026-03-21T19:50:52.962615+00:00,459,0.31365842,0.0252089,5.388937,5283.367213
2026-03-21T19:50:55.698351+00:00,460,0.28198275,0.0179086,2.735737,5286.102950
2026-03-21T19:51:01.508926+00:00,461,0.30310369,0.0757008,5.810572,5291.913522
2026-03-21T19:51:06.893197+00:00,462,0.27815992,0.0174129,5.384274,5297.297796
2026-03-21T19:51:12.395146+00:00,463,0.41973794,0.0279982,5.501949,5302.799745
2026-03-21T19:51:17.811333+00:00,464,0.28841621,0.0301221,5.416187,5308.215932
2026-03-21T19:51:23.260772+00:00,465,0.3008619,0.0221728,5.449438,5313.665370
2026-03-21T19:51:28.643577+00:00,466,0.30312243,0.0616013,5.382806,5319.048176
2026-03-21T19:51:34.044401+00:00,467,0.27322158,0.0395121,5.400824,5324.449000
2026-03-21T19:51:39.428453+00:00,468,0.3144795,0.0283248,5.384051,5329.833052
2026-03-21T19:51:44.803554+00:00,469,0.32104558,0.0286516,5.375102,5335.208153
2026-03-21T19:51:47.549711+00:00,470,0.42594889,0.0300242,2.746156,5337.954309
2026-03-21T19:51:53.386110+00:00,471,0.27651268,0.0191241,5.836397,5343.790706
2026-03-21T19:51:58.796954+00:00,472,0.26901862,0.019443,5.410846,5349.201552
2026-03-21T19:52:04.197093+00:00,473,0.31922841,0.0144629,5.400140,5354.601692
2026-03-21T19:52:09.598868+00:00,474,0.28115413,0.0324933,5.401775,5360.003467
2026-03-21T19:52:14.988818+00:00,475,0.31523609,0.028686,5.389949,5365.393416
2026-03-21T19:52:20.376404+00:00,476,0.31872886,0.0410986,5.387587,5370.781004
2026-03-21T19:52:25.763198+00:00,477,0.29785925,0.0531586,5.386793,5376.167797
2026-03-21T19:52:31.186505+00:00,478,0.25405478,0.0237232,5.423307,5381.591104
2026-03-21T19:52:36.583138+00:00,479,0.36732346,0.0402523,5.396633,5386.987737
2026-03-21T19:52:39.386930+00:00,480,0.26378042,0.0159815,2.803791,5389.791529
2026-03-21T19:52:45.222573+00:00,481,0.32113764,0.015151,5.835640,5395.627169
2026-03-21T19:52:50.617405+00:00,482,0.27686065,0.0275714,5.394835,5401.022004
2026-03-21T19:52:56.021206+00:00,483,0.31676063,0.0241629,5.403801,5406.425805
2026-03-21T19:53:01.410718+00:00,484,0.39756218,0.0396307,5.389512,5411.815317
2026-03-21T19:53:06.819233+00:00,485,0.34960675,0.0687234,5.408515,5417.223832
2026-03-21T19:53:12.237468+00:00,486,0.26855695,0.0141299,5.418235,5422.642067
2026-03-21T19:53:17.632146+00:00,487,0.28300023,0.0174752,5.394679,5428.036745
2026-03-21T19:53:23.065641+00:00,488,0.33009505,0.0312261,5.433494,5433.470240
2026-03-21T19:53:28.487324+00:00,489,0.3429763,0.0258848,5.421684,5438.891923
2026-03-21T19:53:31.240944+00:00,490,0.40407676,0.0322226,2.753620,5441.645543
2026-03-21T19:53:37.089230+00:00,491,0.33319026,0.0138181,5.848282,5447.493826
2026-03-21T19:53:42.512296+00:00,492,0.35522276,0.0313832,5.423069,5452.916895
2026-03-21T19:53:47.919186+00:00,493,0.34972066,0.0242385,5.406889,5458.323784
2026-03-21T19:53:53.318528+00:00,494,0.34754109,0.0432282,5.399343,5463.723127
2026-03-21T19:53:58.733424+00:00,495,0.33599612,0.0300252,5.414896,5469.138023
2026-03-21T19:54:04.155825+00:00,496,0.32741961,0.0208095,5.422401,5474.560424
2026-03-21T19:54:09.560197+00:00,497,0.29249457,0.0250683,5.404372,5479.964796
2026-03-21T19:54:14.975218+00:00,498,0.37613589,0.0430087,5.415021,5485.379817
2026-03-21T19:54:20.381007+00:00,499,0.35372949,0.029037,5.405789,5490.785606
2026-03-21T19:54:23.131850+00:00,500,0.39687899,0.0109431,2.750843,5493.536449
2026-03-21T19:59:19.179254+00:00,501,0.24817686,0.0304748,296.047404,5789.583853
2026-03-21T19:59:24.592338+00:00,502,0.34999707,0.02272,5.413084,5794.996937
2026-03-21T19:59:30.025521+00:00,503,0.38275233,0.030653,5.433183,5800.430119
2026-03-21T19:59:35.455005+00:00,504,0.3197574,0.0253107,5.429485,5805.859604
2026-03-21T19:59:40.874268+00:00,505,0.25730816,0.0333134,5.419263,5811.278867
2026-03-21T19:59:46.361881+00:00,506,0.33894536,0.0219041,5.487613,5816.766480
2026-03-21T19:59:51.748226+00:00,507,0.29472721,0.0247176,5.386344,5822.152824
2026-03-21T19:59:57.142237+00:00,508,0.31570902,0.0339755,5.394012,5827.546836
2026-03-21T20:00:02.552370+00:00,509,0.30379355,0.0319694,5.410133,5832.956969
2026-03-21T20:00:05.282002+00:00,510,0.32888073,0.0197473,2.729632,5835.686601
2026-03-21T20:00:11.100007+00:00,511,0.33222079,0.0371427,5.818002,5841.504603
2026-03-21T20:00:16.551862+00:00,512,0.3665677,0.03137,5.451858,5846.956461
2026-03-21T20:00:21.944456+00:00,513,0.28101659,0.0289773,5.392594,5852.349055
2026-03-21T20:00:27.336017+00:00,514,0.2997058,0.0368289,5.391561,5857.740616
2026-03-21T20:00:32.798313+00:00,515,0.28701586,0.025043,5.462295,5863.202911
2026-03-21T20:00:38.184319+00:00,516,0.33139104,0.0267524,5.386007,5868.588918
2026-03-21T20:00:43.583889+00:00,517,0.29816523,0.0469367,5.399570,5873.988488
2026-03-21T20:00:48.998081+00:00,518,0.32572901,0.0325604,5.414192,5879.402679
2026-03-21T20:00:54.400077+00:00,519,0.34634003,0.0247226,5.401996,5884.804676
2026-03-21T20:00:57.139908+00:00,520,0.4192096,0.0204772,2.739831,5887.544507
2026-03-21T20:01:02.975881+00:00,521,0.31828046,0.0178756,5.835969,5893.380476
2026-03-21T20:01:08.361256+00:00,522,0.3263424,0.0109506,5.385379,5898.765855
2026-03-21T20:01:13.832709+00:00,523,0.30617756,0.0168404,5.471453,5904.237307
2026-03-21T20:01:19.231131+00:00,524,0.26534522,0.0491989,5.398422,5909.635730
2026-03-21T20:01:24.625399+00:00,525,0.30523688,0.0269226,5.394269,5915.029998
2026-03-21T20:01:30.011018+00:00,526,0.36047468,0.0239858,5.385618,5920.415616
2026-03-21T20:01:35.403240+00:00,527,0.31239647,0.0298672,5.392222,5925.807838
2026-03-21T20:01:40.861505+00:00,528,0.37648493,0.0162317,5.458266,5931.266104
2026-03-21T20:01:46.252125+00:00,529,0.32067353,0.0171751,5.390620,5936.656724
2026-03-21T20:01:48.989205+00:00,530,0.28753269,0.0157472,2.737081,5939.393804
2026-03-21T20:01:54.888806+00:00,531,0.27198124,0.0198122,5.899597,5945.293402
2026-03-21T20:02:00.276636+00:00,532,0.30433619,0.02111,5.387834,5950.681236
2026-03-21T20:02:05.683278+00:00,533,0.3164596,0.0258338,5.406642,5956.087877
2026-03-21T20:02:11.100362+00:00,534,0.36909437,0.0424431,5.417084,5961.504961
2026-03-21T20:02:16.511777+00:00,535,0.2940428,0.0238529,5.411416,5966.916376
2026-03-21T20:02:21.888382+00:00,536,0.30272555,0.0227012,5.376605,5972.292982
2026-03-21T20:02:27.297678+00:00,537,0.31219438,0.0331639,5.409295,5977.702277
2026-03-21T20:02:32.687372+00:00,538,0.25447953,0.0254992,5.389694,5983.091971
2026-03-21T20:02:38.077357+00:00,539,0.30554563,0.0431681,5.389984,5988.481955
2026-03-21T20:02:40.814083+00:00,540,0.34501553,0.00821869,2.736727,5991.218682
2026-03-21T20:02:46.641556+00:00,541,0.3522523,0.017081,5.827470,5997.046152
2026-03-21T20:02:52.049779+00:00,542,0.29215747,0.0323542,5.408225,6002.454377
2026-03-21T20:02:57.450033+00:00,543,0.34618896,0.0266565,5.400255,6007.854632
2026-03-21T20:03:02.832015+00:00,544,0.38414472,0.0167072,5.381981,6013.236613
2026-03-21T20:03:08.247911+00:00,545,0.34550092,0.0266431,5.415896,6018.652510
2026-03-21T20:03:13.649378+00:00,546,0.3556394,0.0118706,5.401467,6024.053977
2026-03-21T20:03:19.055578+00:00,547,0.28216273,0.0312027,5.406201,6029.460178
2026-03-21T20:03:24.443941+00:00,548,0.23518765,0.0279627,5.388362,6034.848539
2026-03-21T20:03:29.849748+00:00,549,0.44982919,0.00682545,5.405807,6040.254347
2026-03-21T20:03:32.633246+00:00,550,0.29090667,0.0143476,2.783499,6043.037845
2026-03-21T20:08:28.292547+00:00,551,0.38742387,0.0278327,295.659300,6338.697145
2026-03-21T20:08:33.717235+00:00,552,0.23889942,0.0302771,5.424689,6344.121834
2026-03-21T20:08:39.111901+00:00,553,0.26868343,0.0494669,5.394665,6349.516499
2026-03-21T20:08:44.503910+00:00,554,0.26248592,0.0683632,5.392009,6354.908509
2026-03-21T20:08:49.910351+00:00,555,0.34155881,0.0151326,5.406441,6360.314950
2026-03-21T20:08:55.319797+00:00,556,0.28804061,0.0435947,5.409446,6365.724396
2026-03-21T20:09:00.706850+00:00,557,0.3650738,0.0416587,5.387053,6371.111449
2026-03-21T20:09:06.099719+00:00,558,0.36232525,0.0342064,5.392868,6376.504318
2026-03-21T20:09:11.512919+00:00,559,0.3404268,0.0376518,5.413201,6381.917518
2026-03-21T20:09:14.243546+00:00,560,0.34328187,0.00853938,2.730627,6384.648145
2026-03-21T20:09:20.039842+00:00,561,0.30763912,0.0376963,5.796292,6390.444437
2026-03-21T20:09:25.447863+00:00,562,0.28424102,0.0171787,5.408025,6395.852463
2026-03-21T20:09:30.895116+00:00,563,0.23536927,0.0123474,5.447252,6401.299715
2026-03-21T20:09:36.292908+00:00,564,0.28769451,0.0438875,5.397792,6406.697507
2026-03-21T20:09:41.678522+00:00,565,0.34945142,0.0306967,5.385615,6412.083121
2026-03-21T20:09:47.074031+00:00,566,0.35622609,0.023674,5.395508,6417.478630
2026-03-21T20:09:52.463371+00:00,567,0.33762336,0.0178049,5.389340,6422.867970
2026-03-21T20:09:57.874323+00:00,568,0.34582755,0.0314264,5.410952,6428.278922
2026-03-21T20:10:03.288529+00:00,569,0.26834345,0.0300666,5.414205,6433.693127
2026-03-21T20:10:06.034274+00:00,570,0.32274532,0.0130103,2.745745,6436.438873
2026-03-21T20:10:11.927265+00:00,571,0.32885972,0.025986,5.892989,6442.331861
2026-03-21T20:10:17.340662+00:00,572,0.31682003,0.0290571,5.413400,6447.745261
2026-03-21T20:10:22.745067+00:00,573,0.36667129,0.0194594,5.404405,6453.149666
2026-03-21T20:10:28.152137+00:00,574,0.34011778,0.0145426,5.407070,6458.556736
2026-03-21T20:10:33.562172+00:00,575,0.24960715,0.0346032,5.410035,6463.966770
2026-03-21T20:10:38.951284+00:00,576,0.3437438,0.0444339,5.389112,6469.355882
2026-03-21T20:10:44.344218+00:00,577,0.29203266,0.0276932,5.392934,6474.748817
2026-03-21T20:10:49.723604+00:00,578,0.3133513,0.0130062,5.379386,6480.128203
2026-03-21T20:10:55.136583+00:00,579,0.26441988,0.0137429,5.412979,6485.541182
2026-03-21T20:10:57.879142+00:00,580,0.26741344,0.00758007,2.742559,6488.283742
2026-03-21T20:11:03.718048+00:00,581,0.33877799,0.0646367,5.838902,6494.122643
2026-03-21T20:11:09.137382+00:00,582,0.37229526,0.0401152,5.419337,6499.541981
2026-03-21T20:11:14.559706+00:00,583,0.30776015,0.017675,5.422324,6504.964305
2026-03-21T20:11:20.016088+00:00,584,0.32241452,0.0212943,5.456381,6510.420685
2026-03-21T20:11:25.435561+00:00,585,0.30077657,0.0248682,5.419475,6515.840160
2026-03-21T20:11:30.909070+00:00,586,0.33620888,0.0282663,5.473508,6521.313668
2026-03-21T20:11:36.333503+00:00,587,0.31006852,0.0339252,5.424434,6526.738102
2026-03-21T20:11:41.736031+00:00,588,0.35772979,0.0323966,5.402528,6532.140630
2026-03-21T20:11:47.125721+00:00,589,0.37166756,0.0368709,5.389691,6537.530320
2026-03-21T20:11:49.884342+00:00,590,0.34039354,0.0122525,2.758620,6540.288941
2026-03-21T20:11:55.718795+00:00,591,0.32923836,0.0348939,5.834451,6546.123392
2026-03-21T20:12:01.137161+00:00,592,0.41522089,0.0191954,5.418369,6551.541760
2026-03-21T20:12:06.536272+00:00,593,0.28388432,0.0464711,5.399111,6556.940872
2026-03-21T20:12:11.952587+00:00,594,0.31721959,0.028715,5.416314,6562.357186
2026-03-21T20:12:17.373582+00:00,595,0.31936109,0.0198897,5.420995,6567.778181
2026-03-21T20:12:22.807833+00:00,596,0.26454875,0.0528721,5.434251,6573.212431
2026-03-21T20:12:28.192276+00:00,597,0.24552321,0.0182654,5.384444,6578.596875
2026-03-21T20:12:33.577185+00:00,598,0.31338081,0.0355051,5.384909,6583.981784
2026-03-21T20:12:38.951577+00:00,599,0.35000452,0.0263285,5.374391,6589.356176
2026-03-21T20:12:41.691456+00:00,600,0.26393032,0.012333,2.739880,6592.096055
